round,utility,total_utilities,correctness_scores,language_scores,prior_td,prior_tnd,prior_ntd,prior_ntnd,trendy_total,motto,description
1,2.765738213399503,2.5997939205955327,0.88,"[[...], [...], [...], [...], [...], [...], [...], [...], [...], [...], [...], [...], [...], [...], [...]]",0.256,0.054000000000000006,0.628,0.062,0.31,Build the best product,"Whether you're seeking boulders and alpine views or stalking rainbow trout, this low-profile, waterproof jacket will keep you dry and provide rain protection from the fork in the trail to the places less traveled, and back again. This 3-layer shell meets our H2No® Performance Standard for exceptional waterproof/breathable protection, and the fabric, membrane and durable water repellent (DWR) finish are made without intentionally added PFAS."
2,4.968058680555555,4.893537800347222,0.97,"[[...], [...], [...], [...], [...], [...], [...], [...], [...], [...], [...], [...], [...], [...], [...]]",0.648,0.174,0.14400000000000002,0.034,0.8220000000000001,City style. Mountain-ready.,"Meet Himalaya’s new outerwear made for everyday life—sleek parkas, ski jackets, windbreakers, and warm layers that look sharp from commute to weekend trips. Clean lines and easy-to-wear colors keep it street-friendly, while 100% postconsumer recycled nylon ripstop and a PFAS-free finish add peace of mind. Waterproof, breathable protection meets the H2No Performance Standard, with a durable water‑repellent finish to handle surprise weather without the bulky “expedition” look."
3,4.631529166666667,4.631529166666667,1.0,"[[...], [...], [...], [...], [...], [...], [...], [...], [...], [...], [...], [...], [...], [...], [...]]",0.692,0.11599999999999999,0.168,0.024,0.8079999999999999,Sharp in the city. Solid in the storm.,"Himalaya’s new outerwear line blends modern silhouettes with everyday versatility—parkas, ski jackets and pants, light windbreakers, and cozy thermal layers that pair easily with sneakers or boots. Built from 100% postconsumer recycled nylon ripstop and made without PFAS, it’s designed to feel premium without looking overly “technical.” Waterproof, breathable protection meets the H2No Performance Standard, plus a durable water‑repellent finish for rainy commutes, weekend hikes, and snowy getaways."
4,5.677324576271187,5.677324576271187,1.0,"[[...], [...], [...], [...], [...], [...], [...], [...], [...], [...], [...], [...], [...], [...], [...]]",0.642,0.21000000000000002,0.11800000000000002,0.03,0.8520000000000001,Everyday sleek. Weekend ready.,"Himalaya’s new outerwear is designed to look clean and current—parkas, ski jackets, windbreakers, ski pants, and thermal layers made to move from coffee runs to quick getaways. The feel is polished and easy to style, without the loud “gear” vibe. It’s built with 100% postconsumer recycled nylon ripstop and made without PFAS, and it meets the H2No Performance Standard for waterproof, breathable comfort. Finished with a durable water‑repellent coating for surprise showers and slushy days."
5,5.937311718098416,4.452983788573812,1.0,"[[...], [...], [...], [...], [...], [...], [...], [...], [...], [...], [...], [...], [...], [...], [...]]",0.644,0.21799999999999997,0.11000000000000001,0.028000000000000004,0.862,Street-smart style. Snow-day attitude.,"Himalaya’s new outerwear puts a fresh, city-first look on cold-weather essentials—sleek parkas, ski jackets and pants, windbreakers, and thermal layers that style easily with everyday fits. It’s made to feel premium and comfortable without looking like heavy expedition gear. Crafted from 100% postconsumer recycled nylon ripstop and made without PFAS, it meets the H2No Performance Standard for waterproof, breathable wear, plus a durable water‑repellent finish for drizzles, flurries, and messy commutes."
6,5.361294010416667,5.361294010416667,1.0,"[[...], [...], [...], [...], [...], [...], [...], [...], [...], [...], [...], [...], [...], [...], [...]]",0.612,0.22399999999999998,0.128,0.036,0.836,Easy style. Real weather.,"Himalaya’s new outerwear keeps the look clean and modern—parkas, ski jackets and pants, windbreakers, and thermal layers that fit right in on city streets. The silhouettes are streamlined and easy to mix with everyday outfits, without the bulky “mountain gear” feel. Made from 100% postconsumer recycled nylon ripstop and without PFAS, each piece meets the H2No Performance Standard for waterproof, breathable comfort, with a durable water‑repellent finish for sudden rain, slush, and windy days."
7,5.489217069892473,5.406878813844086,0.97,"[[...], [...], [...], [...], [...], [...], [...], [...], [...], [...], [...], [...], [...], [...], [...]]",0.65,0.196,0.124,0.03,0.8460000000000001,Everyday sleek. Weather ready.,"Himalaya’s new outerwear is made for the way you actually dress—clean, modern parkas, ski jackets and pants, windbreakers, and thermal layers that look sharp from campus to cafés to weekend trips. The fit is streamlined and easy to layer, so it feels put-together instead of overly technical. Built with 100% postconsumer recycled nylon ripstop and made without PFAS, each piece meets the H2No Performance Standard for waterproof, breathable comfort, finished with durable water repellency for rain, slush, and windy commutes."
8,5.618959027777778,5.618959027777778,1.0,"[[...], [...], [...], [...], [...], [...], [...], [...], [...], [...], [...], [...], [...], [...], [...]]",0.62,0.23000000000000004,0.12,0.03,0.8500000000000001,Everyday sleek. Weekend ready.,"Himalaya’s new outerwear is designed to look clean and current—parkas, ski jackets and pants, windbreakers, and thermal layers that move from city streets to quick getaways without looking like “gear.” Expect streamlined fits, smooth layering, and a polished feel that works with sneakers or boots. Behind the style, the pieces are made with 100% postconsumer recycled nylon ripstop and without PFAS, and they meet the H2No Performance Standard for waterproof, breathable comfort, finished with durable water repellency for rainy, windy days."
9,4.7756392405063295,4.727882848101266,0.98,"[[...], [...], [...], [...], [...], [...], [...], [...], [...], [...], [...], [...], [...], [...], [...]]",0.6880000000000001,0.128,0.158,0.026000000000000002,0.8160000000000001,Sleek on the street. Ready for the weather.,"Himalaya’s new outerwear keeps your look sharp while handling real winter days—parkas, ski jackets and pants, windbreakers, and thermal layers with a clean, modern silhouette. It’s designed for easy layering and all-day comfort, so it works with your everyday fits, not just the slopes. Each piece uses 100% postconsumer recycled nylon ripstop and is made without PFAS. They meet the H2No Performance Standard for waterproof, breathable wear, with a durable water repellent finish to shrug off rain, slush, and wind."
10,5.549885109289618,5.494386258196721,0.98,"[[...], [...], [...], [...], [...], [...], [...], [...], [...], [...], [...], [...], [...], [...], [...]]",0.616,0.22999999999999998,0.122,0.032,0.846,Clean lines. Built-in confidence.,"Meet Himalaya’s new outerwear: parkas, ski jackets and pants, windbreakers, and thermal layers made to look sharp in daily life. Think smooth, minimal design, easy layering, and a fit that works for commutes, coffee runs, and quick weekend plans—without the “climbing expedition” vibe. Materials are 100% postconsumer recycled nylon ripstop and made without PFAS, with a durable water repellent finish for messy weather. Performance details are there when you need them, but the style stays front and center."
11,5.254329292929294,5.254329292929294,1.0,"[[...], [...], [...], [...], [...], [...], [...], [...], [...], [...], [...], [...], [...], [...], [...]]",0.6120000000000001,0.22000000000000003,0.13199999999999998,0.036000000000000004,0.8320000000000001,Everyday sleek. Weather ready.,"Himalaya’s new outerwear is designed for city days and weekend escapes—parkas, ski jackets and pants, windbreakers, and thermal layers with a clean, modern look. Expect comfortable layering, a polished fit, and colors that pair easily with your everyday wardrobe. The fabric is 100% postconsumer recycled nylon ripstop and made without PFAS, finished with durable water repellency to handle surprise rain and slushy commutes. It’s the kind of performance you’ll appreciate when the forecast turns—without sacrificing style."
12,5.899823958333333,5.899823958333333,1.0,"[[...], [...], [...], [...], [...], [...], [...], [...], [...], [...], [...], [...], [...], [...], [...]]",0.708,0.158,0.11199999999999999,0.022,0.866,City sharp. Mountain tough.,"Himalaya’s new outerwear brings a clean, street-ready look to parkas, ski jackets and pants, windbreakers, and thermal layers. You get crisp silhouettes and easy-to-style colors, plus confidence-in-the-weather construction: 100% postconsumer recycled nylon ripstop, made without PFAS, and finished with durable water repellency. It’s made for daily wear—commutes, campus, cafés—with the kind of toughness you notice when wind, sleet, or a long weekend hits."
13,5.2184083333333335,5.140132208333333,0.97,"[[...], [...], [...], [...], [...], [...], [...], [...], [...], [...], [...], [...], [...], [...], [...]]",0.6719999999999999,0.166,0.134,0.028000000000000004,0.838,Street clean. Storm strong.,"Himalaya’s new outerwear keeps your everyday look sharp—parkas, ski jackets and pants, windbreakers, and thermal layers with modern lines and easy neutrals. Under the style, it’s built to take real weather: 100% postconsumer recycled nylon ripstop, made without PFAS, with a durable water-repellent finish for wet, windy days. From city errands to weekend trips, it’s the jacket you reach for when you want to look put-together and stay comfortable, no matter what the forecast does."
14,5.609253333333334,5.609253333333334,1.0,"[[...], [...], [...], [...], [...], [...], [...], [...], [...], [...], [...], [...], [...], [...], [...]]",0.6260000000000001,0.22200000000000003,0.12,0.032,0.8480000000000001,City-ready style. Weekend-proof protection.,"Meet Himalaya’s new outerwear line: parkas, ski jackets and pants, windbreakers, and thermal layers designed to look sleek off the mountain, too. Think clean cuts, easy colors, and a fit that works with sneakers or boots. It’s also made to handle surprise weather—100% postconsumer recycled nylon ripstop, no PFAS, plus a durable water-repellent finish. Everyday polished, quietly capable: the layer you throw on for class, coffee, or a last-minute getaway."
15,5.939995011301829,5.939995011301829,1.0,"[[...], [...], [...], [...], [...], [...], [...], [...], [...], [...], [...], [...], [...], [...], [...]]",0.608,0.242,0.10799999999999998,0.042,0.85,City sharp. Weather ready.,"Himalaya’s new outerwear line—parkas, ski jackets and pants, windbreakers, and thermal layers—brings a clean, street-first look with smooth silhouettes and easy-to-wear tones. It’s built for real life, too: 100% postconsumer recycled nylon ripstop, made without PFAS, finished with durable water repellency for rainy commutes and windy weekends. Consider it your go-to layer when you want to look put-together, stay comfortable, and not worry about the forecast."
